Query,Model,Generated Answer,Precision,Recall,F1-score,Cosine Similarity
What are the key financial risks for banks?,cohere,"Based on the provided excerpts from JPMorgan Chase & Co.'s financial reports, we can identify several key financial risks:

* **Credit Risk:** This is the risk that borrowers (card members, loan holders) will default on their obligations.  The reports highlight ""Card Member receivables"" and ""Card Member loans,"" both of which have associated ""reserves for credit losses.""  The existence of these reserves indicates the recognized potential for some borrowers to not repay their debts.  An increase in defaults beyond the reserved amount would negatively impact the bank's profitability.

* **Market Risk:**  JPMorgan Chase holds significant ""Investment securities"" and engages in trading activities (mentioned indirectly through its leadership in investment banking). These are susceptible to fluctuations in interest rates, foreign exchange rates, and equity prices.  Market volatility can lead to losses on these holdings.

* **Liquidity Risk:**  While the bank has substantial ""Cash and cash equivalents,"" liquidity risk remains a concern.  This is the risk that the bank might not be able to meet its short-term obligations as they come due.  ""Short-term borrowings"" are mentioned, indicating reliance on short-term funding sources, which can be volatile.  A sudden inability to access these funds could create significant problems.

* **Operational Risk:**  This refers to the risk of losses arising from inadequate or failed internal processes, people and systems, or from external events.  The ""Legal Proceedings"" section highlights the various litigation and regulatory matters the bank is involved in, representing a form of operational risk.  Unfavorable outcomes in these proceedings could lead to financial penalties or reputational damage.

* **Regulatory and Legal Risk:**  This overlaps with operational risk but deserves separate mention. The financial services industry is heavily regulated. Changes in regulations, or failure to comply with existing ones, can result in fines, legal action, and restrictions on the bank's activities. The mention of ""Regulatory Matters"" underscores this risk.

* **Interest Rate Risk:**  As a bank with significant lending and borrowing activities, changes in interest rates can affect profitability.  For instance, if interest rates rise, the bank's cost of funds might increase faster than the interest income earned on its loan portfolio.


It's important to note that these excerpts provide a limited view. A comprehensive risk assessment would require analyzing the full financial reports, including the notes and risk factor disclosures.  These would reveal more details about the specific types of risk exposures within each category and the bank's risk management strategies.
",0.0,0.0,0.0,0.07529682
What are the key financial risks for banks?,huggingface,"Based on the provided balance sheet excerpts, here's a breakdown of key financial risks applicable to banks, along with how they relate to the data:

**Credit Risk:** This is the risk that borrowers will not repay their loans.

* **Evidence in excerpts:**  ""Card Member receivables...less reserves for credit losses,"" ""Card Member loans...less reserves for credit losses,"" and ""Other loans, less reserves for credit losses"" all directly point to credit risk. The ""reserves for credit losses"" represent the bank's estimation of potential losses from borrowers defaulting.  Increases in these reserves, or significantly higher charge-offs (actual losses) in future periods, could signal worsening credit risk.

**Market Risk:** This refers to the risk of losses due to changes in market conditions, such as interest rates, foreign exchange rates, and equity prices.

* **Evidence in excerpts:**  ""Investment securities,"" ""Short-term investment securities,"" and the ""Derivative Instruments"" excerpt all relate to market risk.  Changes in interest rates can affect the value of securities and derivatives held by the bank. The ""Derivative Instruments"" excerpt specifically mentions using derivatives to manage exposure to interest rate and foreign currency fluctuations, highlighting the bank's active management of this risk.

**Liquidity Risk:** This is the risk that a bank will not have sufficient funds to meet its obligations as they come due.

* **Evidence in excerpts:** ""Cash and cash equivalents,"" ""Interest-bearing deposits in other banks,"" and ""Short-term borrowings"" relate to liquidity risk. A bank needs sufficient liquid assets to cover deposit withdrawals and other short-term obligations.  Monitoring the trends in these accounts, especially comparing ""Cash and cash equivalents"" to short-term liabilities, offers insights into the bank's liquidity position. Declines in cash relative to obligations would suggest increased liquidity risk.

**Operational Risk:** This covers the risk of losses due to internal process failures, human error, systems failures, or external events.  It's harder to quantify directly from balance sheet data.

* **Evidence in excerpts:** While not directly visible, the balance sheet's ""Premises and equipment"" and ""Other assets"" could be subject to operational risks (e.g., damage, fraud). Additionally, the mention of ""Contingencies and Commitments"" might relate to potential operational or legal risks that aren't yet fully recognized on the balance sheet.

**Interest Rate Risk:**  This is a specific type of market risk related to changes in interest rates.  It affects both the value of assets and the cost of liabilities.

* **Evidence in excerpts:**  The significant changes in interest-bearing assets and liabilities between periods in the balance sheet data signal potential interest rate risk exposure. The ""Derivative Instruments"" section explicitly mentions using derivatives like interest rate swaps to manage this risk.  A bank with a mismatch between the maturity or repricing characteristics of its assets and liabilities is exposed to interest rate risk.

**Other Risks (Not Directly Evident in Excerpts):**

* **Reputational Risk:**  Negative publicity or loss of customer trust.
* **Strategic Risk:**  Poor business decisions or ineffective execution of strategy.
* **Compliance/Legal Risk:** Failure to comply with regulations or laws.
* **Capital Risk:** Not having sufficient capital to absorb potential losses.  (While the ""Shareholders Equity"" section gives some insight into capital levels, a more comprehensive assessment would require additional information, like risk-weighted assets.)


Analyzing multiple periods of balance sheet data, along with income statements and other disclosures, provides a more dynamic view of these risks and how the bank is managing them.  For example, looking at changes in loan loss provisions, the composition of the loan portfolio, and non-performing loans would provide a more complete picture of credit risk.
",0.0,0.0,0.0,0.05224973
How do interest rates impact stock prices?,cohere,"Interest rates and stock prices generally have an inverse relationship.  Here's why:

* **Cost of Borrowing:** Higher interest rates increase the cost of borrowing for companies. This can lead to reduced investments in growth, expansion, and share buybacks, potentially slowing down earnings growth and making the stock less attractive to investors.

* **Cost of Capital:**  Interest rates represent the risk-free rate of return. As interest rates rise, the cost of capital for companies increases, making it more expensive to fund operations. This can impact profitability and, consequently, stock valuations.

* **Discount Rates for Future Cash Flows:**  Stock valuation often involves discounting future cash flows back to their present value.  Higher interest rates increase the discount rate, reducing the present value of future earnings and thus lowering the stock's perceived value.

* **Investor Behavior:** Higher interest rates make fixed-income investments (like bonds) more attractive, potentially drawing investment away from the stock market and putting downward pressure on stock prices.  Conversely, lower interest rates can make stocks appear more appealing compared to bonds.

* **Impact on the Broader Economy:**  Significant interest rate hikes by central banks can slow down economic growth, increasing the risk of a recession. This can negatively impact corporate earnings and overall market sentiment, leading to lower stock prices.

It's important to remember that the relationship between interest rates and stock prices isn't always straightforward. Other factors, such as company performance, industry trends, and overall market sentiment, can also play a significant role.  The provided texts about company financials and the airline industry's cyclical nature are examples of such other factors. While interest rates matter, they are just one piece of the complex puzzle of stock market dynamics.
",0.0,0.0,0.0,0.078502245
How do interest rates impact stock prices?,huggingface,"The provided text is about JPMorgan Chase's financial performance, but it doesn't explain the relationship between interest rates and stock prices. Here's a general explanation of that relationship:

Interest rates and stock prices generally have an inverse relationship.  This means that when interest rates rise, stock prices tend to fall, and vice versa.  Here's why:

* **Increased Borrowing Costs for Companies:** Higher interest rates mean companies have to pay more to borrow money for operations, expansions, and investments.  This reduces their profitability and can lead to lower earnings, making their stock less attractive to investors.

* **Higher Returns on Bonds and Other Fixed-Income Investments:** When interest rates rise, bonds and other fixed-income investments become more appealing to investors seeking a safer return.  This can lead to a shift of capital away from the stock market and into these fixed-income instruments, putting downward pressure on stock prices.

* **Impact on Consumer Spending:** Higher interest rates can also affect consumer spending.  Things like mortgages, auto loans, and credit card debt become more expensive, leaving consumers with less disposable income.  This can slow down economic growth and hurt company earnings, negatively impacting stock prices.

* **Discounted Cash Flow Valuation:**  A common method for valuing stocks is discounted cash flow (DCF) analysis.  DCF models use a discount rate to determine the present value of future cash flows.  When interest rates rise, the discount rate used in these models also tends to rise, leading to a lower present value and thus a lower estimated stock price.

* **Market Sentiment:**  Interest rate changes often signal the central bank's view on the economy.  Rate hikes are sometimes interpreted as a sign that the economy is overheating, which could lead to future slowdown or recession.  This can negatively impact investor sentiment and lead to selling pressure in the stock market.


It's important to note that the relationship between interest rates and stock prices isn't always straightforward.  Other factors, such as company performance, economic conditions, and geopolitical events, can also influence stock prices. Additionally, different sectors of the economy react differently to interest rate changes.  For example, financial companies might benefit from rising interest rates due to increased lending margins, while highly indebted companies might suffer more from higher borrowing costs.
",0.0,0.0,0.0,0.067782514
Explain liquidity risk in banking.,cohere,"Liquidity risk in banking refers to the risk that a bank will not be able to meet its short-term financial obligations as they come due, without incurring unacceptable losses.  This can occur if a bank doesn't have enough readily available cash or assets that can be quickly converted to cash to cover withdrawals by depositors, loan repayments, or other financial commitments.

Here's a breakdown of the key aspects:

* **Inability to meet obligations:**  The core of liquidity risk is the potential inability to pay debts when they are due. This can lead to a bank's failure if not addressed promptly.
* **Short-term focus:** Liquidity risk emphasizes short-term obligations, typically within a year.  It's about having access to funds immediately or very quickly.
* **Sources of liquidity problems:**  Several factors can contribute to liquidity problems:
    * **Deposit withdrawals:**  A sudden surge in depositors withdrawing their funds (a ""bank run"") can strain a bank's liquidity.
    * **Loan defaults:** If borrowers default on their loans, the bank loses expected cash inflows and may struggle to meet its own obligations.
    * **Market disruptions:**  During times of financial market stress, it can become difficult or expensive for banks to borrow money or sell assets, impacting their liquidity.
    * **Contingent liabilities:**  Unexpected events requiring significant payouts (e.g., lawsuits, guarantees) can create sudden liquidity needs.
* **Consequences of liquidity risk:**
    * **Reputational damage:**  Difficulty meeting obligations can severely damage a bank's reputation and erode customer confidence.
    * **Financial losses:**  Forced asset sales at unfavorable prices to raise cash quickly can result in significant losses.
    * **Regulatory intervention:** Regulators may step in and impose restrictions or even take control of a bank experiencing severe liquidity problems.
    * **Bankruptcy:** In the worst-case scenario, a bank unable to meet its obligations may be forced into bankruptcy.

The provided text excerpts don't directly discuss liquidity risk in a comprehensive way.  While the balance sheet offers a snapshot of a bank's assets and liabilities at a specific point in time, assessing liquidity risk requires a deeper understanding of the bank's ongoing cash flows, its ability to access funding sources, and the potential for unexpected events. Metrics like the loan-to-deposit ratio and the availability of liquid assets are key indicators used to evaluate a bank's liquidity position.
",0.05339805824983505,0.3666666665444444,0.09322033675596099,0.22175394
Explain liquidity risk in banking.,huggingface,"Liquidity risk in banking refers to the risk that a bank will not be able to meet its short-term financial obligations as they come due, without incurring unacceptable losses.  This can happen in two primary ways:

* **Funding Liquidity Risk:** The bank cannot raise funds quickly enough to meet its obligations. This could be due to a loss of confidence in the bank, making it difficult to borrow money or attract deposits.  It could also arise from a ""run"" on the bank, where depositors suddenly withdraw their funds en masse.

* **Market Liquidity Risk:** The bank cannot sell assets quickly enough to raise cash, or can only do so at a significantly reduced price.  This can be due to a market downturn, making certain assets difficult to sell, or simply a lack of buyers for a particular asset class held by the bank.

Looking at the provided balance sheets, we can identify some key areas related to liquidity risk:

**American Express:**

* **Cash and Cash Equivalents:**  American Express has a significant amount of cash and equivalents, which is a positive sign for liquidity.  This is a readily available source of funds to meet short-term obligations. The increase from 2021 to 2022 is especially notable.
* **Short-Term Borrowings:** While borrowings can provide liquidity, relying too heavily on them can be a risk. It's positive that short-term borrowings decreased from 2021 to 2022.
* **Customer Deposits:** These are a major source of funding for banks, but can be volatile. A sudden outflow of deposits can create a liquidity crisis.  The increase in deposits is good for Amex's liquidity position.
* **Card Member Receivables & Loans:** While these are assets, their liquidity depends on the creditworthiness of the cardholders and borrowers.  Deteriorating credit quality could impact the bank's ability to collect on these assets quickly.
* **Derivative Instruments:** Derivatives can be used to manage risk, but they also introduce complexities and potential liquidity risks, especially if market conditions become unfavorable.

**Square:**

* **Cash and Cash Equivalents:** Square also has a significant amount of cash and equivalents, which is a positive indicator.
* **Settlements Receivable and Customer Funds Held:**  These items suggest a reliance on transaction-based activities.  While generally liquid, disruptions to these flows could create liquidity challenges.
* **Merchant Cash Advance Receivable:**  Similar to loans, the liquidity of these advances depends on the repayment ability of merchants.
* **Short-Term Investments:** These can contribute to liquidity but their marketability and price volatility should be considered.
* **Debt:**  Square's balance sheet does not show short-term debt in 2016, which is positive from a liquidity perspective, although it does have a note referencing debt. The absence of detailed debt information makes it harder to assess the overall liquidity risk.

**General Considerations:**

A bank's overall liquidity position depends on a variety of factors, including:

* **Diversification of funding sources:**  Relying too much on a single source of funding, like wholesale borrowing, increases liquidity risk.
* **Quality of assets:**  Liquid assets are easier to sell quickly without significant loss. Illiquid assets, like real estate or complex financial instruments, pose greater liquidity risk.
* **Maturity mismatch:**  A bank faces liquidity risk if it has a large amount of short-term liabilities and long-term assets.  This creates a mismatch between when cash inflows and outflows occur.
* **Contingent liabilities and commitments:**  These are potential future obligations that can impact liquidity if they come due.
* **Stress testing:**  Banks use stress tests to simulate adverse scenarios, such as a market downturn or a run on the bank, to assess their ability to withstand a liquidity crisis.


It's important to note that simply looking at a balance sheet provides a snapshot in time. A comprehensive liquidity analysis requires understanding the dynamics of the business, market conditions, and potential risks.
",0.04119850187111616,0.3666666665444444,0.07407407225294475,0.26959288
